{
    "stat": {
        "ru_self_end": {
            "ru_nivcsw": 10,
            "ru_utime_sec": 0.15648400000000001,
            "ru_stime_sec": 0.074123999999999995,
            "ru_nvcsw": 128,
            "ru_maxrss_kb": 88148,
            "ru_minflt": 35484,
            "ru_majflt": 0
        },
        "peak_mem_kb": 442860,
        "ru_childs_end": {
            "ru_nivcsw": 24,
            "ru_utime_sec": 0.034546,
            "ru_stime_sec": 0.052555999999999999,
            "ru_nvcsw": 26,
            "ru_maxrss_kb": 24248,
            "ru_minflt": 11678,
            "ru_majflt": 0
        },
        "cpu_cycles_end": 106032860987367
    },
    "Modules": {
        "...MASTER...": {
            "nRouts": 5,
            "start_perf": [
                0.28596091270446777,
                0.078353000000000006,
                0.063619999999999996,
                367952,
                442860,
                1723778844.963207,
                106032538977180
            ],
            "child_modules": {
                "std": 1,
                "i2c_tb": 1
            },
            "end_perf": [
                0.29488682746887207,
                0.079841999999999996,
                0.065512000000000001,
                367964,
                442860,
                106032569456719,
                0,
                0
            ],
            "nMops": 0,
            "nQuads": 0
        },
        "std": {
            "nRouts": 33,
            "start_perf": [
                0.29501795768737793,
                0.079915,
                0.065571000000000004,
                367964,
                442860,
                1723778844.9722641,
                106032569876400
            ],
            "Compiled Times": 5,
            "child_modules": {},
            "end_perf": [
                0.29828190803527832,
                0.082068000000000002,
                0.066680000000000003,
                367980,
                442860,
                106032581040337,
                8589934594,
                0
            ],
            "Compiled": "Yes",
            "svclass": [
                "$vcs_nba_dyn_obj",
                0,
                35,
                2,
                2,
                0,
                "sigprop$$",
                0,
                35,
                2,
                2,
                0,
                "process",
                0,
                200,
                8,
                8,
                0,
                "event",
                0,
                34,
                2,
                2,
                0,
                "mailbox",
                0,
                140,
                9,
                9,
                0,
                "semaphore",
                0,
                84,
                5,
                5,
                0
            ],
            "nMops": 528,
            "nQuads": 218
        },
        "i2c_tb": {
            "nRouts": 359,
            "start_perf": [
                0.29835391044616699,
                0.082108,
                0.066712999999999995,
                367980,
                442860,
                1723778844.9756,
                106032581272735
            ],
            "significant_routs": [
                [
                    158,
                    "U_VCSgd_yPhRI_158",
                    15988566,
                    173,
                    13
                ],
                [
                    205,
                    "R_VCSgd_yPhRI_cd",
                    18508023,
                    13609,
                    1383
                ],
                [
                    206,
                    "R_VCSgd_yPhRI_ce",
                    14952690,
                    12687,
                    1146
                ]
            ],
            "Compiled Times": 5,
            "child_modules": {},
            "end_perf": [
                0.37223196029663086,
                0.151534,
                0.071127999999999997,
                369932,
                442860,
                106032833794877,
                21474836481,
                0
            ],
            "Compiled": "Yes",
            "nMops": 7600,
            "nQuads": 3653
        }
    },
    "CompUnits": {
        "yPhRI_d": {
            "mod": "i2c_tb",
            "out": "yPhRI_d.o",
            "archive": "archive.4/_127000_archive_1.a",
            "mode": 4,
            "bytes": 121878,
            "text": 73473,
            "checksum": 0
        }
    },
    "ObjArchives": [
        {
            "objects": [
                [
                    "yPhRI_d.o",
                    121878
                ],
                [
                    "amcQwB.o",
                    129060
                ]
            ],
            "archive": "archive.4/_127000_archive_1.a",
            "size": 250938
        }
    ],
    "reusePaths": {
        "amcQw_d": {
            "icPath": "csrc"
        },
        "reYIK_d": {
            "icPath": "csrc"
        }
    }
}